{
    "time": "2025-09-25T06:28:00.654097023Z",
    "healthy": true,
    "severity": "ok",
    "derp": {
        "severity": "ok",
        "warnings": [],
        "dismissed": false,
        "healthy": true,
        "regions": {
            "1000": {
                "healthy": true,
                "severity": "ok",
                "warnings": [],
                "region": {
                    "EmbeddedRelay": false,
                    "RegionID": 1000,
                    "RegionCode": "coder_stun_1000",
                    "RegionName": "Coder STUN 1000",
                    "Nodes": [
                        {
                            "Name": "1000stun0",
                            "RegionID": 1000,
                            "HostName": "stun.l.google.com",
                            "STUNPort": 19302,
                            "STUNOnly": true
                        }
                    ]
                },
                "node_reports": [
                    {
                        "healthy": true,
                        "severity": "ok",
                        "warnings": [],
                        "node": {
                            "Name": "1000stun0",
                            "RegionID": 1000,
                            "HostName": "stun.l.google.com",
                            "STUNPort": 19302,
                            "STUNOnly": true
                        },
                        "node_info": {
                            "TokenBucketBytesPerSecond": 0,
                            "TokenBucketBytesBurst": 0
                        },
                        "can_exchange_messages": false,
                        "round_trip_ping": "",
                        "round_trip_ping_ms": 0,
                        "uses_websocket": false,
                        "client_logs": [],
                        "client_errs": [],
                        "stun": {
                            "Enabled": true,
                            "CanSTUN": true,
                            "Error": null
                        }
                    }
                ]
            },
            "1001": {
                "healthy": true,
                "severity": "ok",
                "warnings": [],
                "region": {
                    "EmbeddedRelay": false,
                    "RegionID": 1001,
                    "RegionCode": "coder_stun_1001",
                    "RegionName": "Coder STUN 1001",
                    "Nodes": [
                        {
                            "Name": "1001stun0",
                            "RegionID": 1001,
                            "HostName": "stun1.l.google.com",
                            "STUNPort": 19302,
                            "STUNOnly": true
                        }
                    ]
                },
                "node_reports": [
                    {
                        "healthy": true,
                        "severity": "ok",
                        "warnings": [],
                        "node": {
                            "Name": "1001stun0",
                            "RegionID": 1001,
                            "HostName": "stun1.l.google.com",
                            "STUNPort": 19302,
                            "STUNOnly": true
                        },
                        "node_info": {
                            "TokenBucketBytesPerSecond": 0,
                            "TokenBucketBytesBurst": 0
                        },
                        "can_exchange_messages": false,
                        "round_trip_ping": "",
                        "round_trip_ping_ms": 0,
                        "uses_websocket": false,
                        "client_logs": [],
                        "client_errs": [],
                        "stun": {
                            "Enabled": true,
                            "CanSTUN": true,
                            "Error": null
                        }
                    }
                ]
            },
            "1002": {
                "healthy": true,
                "severity": "ok",
                "warnings": [],
                "region": {
                    "EmbeddedRelay": false,
                    "RegionID": 1002,
                    "RegionCode": "coder_stun_1002",
                    "RegionName": "Coder STUN 1002",
                    "Nodes": [
                        {
                            "Name": "1002stun0",
                            "RegionID": 1002,
                            "HostName": "stun2.l.google.com",
                            "STUNPort": 19302,
                            "STUNOnly": true
                        }
                    ]
                },
                "node_reports": [
                    {
                        "healthy": true,
                        "severity": "ok",
                        "warnings": [],
                        "node": {
                            "Name": "1002stun0",
                            "RegionID": 1002,
                            "HostName": "stun2.l.google.com",
                            "STUNPort": 19302,
                            "STUNOnly": true
                        },
                        "node_info": {
                            "TokenBucketBytesPerSecond": 0,
                            "TokenBucketBytesBurst": 0
                        },
                        "can_exchange_messages": false,
                        "round_trip_ping": "",
                        "round_trip_ping_ms": 0,
                        "uses_websocket": false,
                        "client_logs": [],
                        "client_errs": [],
                        "stun": {
                            "Enabled": true,
                            "CanSTUN": true,
                            "Error": null
                        }
                    }
                ]
            },
            "1003": {
                "healthy": true,
                "severity": "ok",
                "warnings": [],
                "region": {
                    "EmbeddedRelay": false,
                    "RegionID": 1003,
                    "RegionCode": "coder_stun_1003",
                    "RegionName": "Coder STUN 1003",
                    "Nodes": [
                        {
                            "Name": "1003stun0",
                            "RegionID": 1003,
                            "HostName": "stun3.l.google.com",
                            "STUNPort": 19302,
                            "STUNOnly": true
                        }
                    ]
                },
                "node_reports": [
                    {
                        "healthy": true,
                        "severity": "ok",
                        "warnings": [],
                        "node": {
                            "Name": "1003stun0",
                            "RegionID": 1003,
                            "HostName": "stun3.l.google.com",
                            "STUNPort": 19302,
                            "STUNOnly": true
                        },
                        "node_info": {
                            "TokenBucketBytesPerSecond": 0,
                            "TokenBucketBytesBurst": 0
                        },
                        "can_exchange_messages": false,
                        "round_trip_ping": "",
                        "round_trip_ping_ms": 0,
                        "uses_websocket": false,
                        "client_logs": [],
                        "client_errs": [],
                        "stun": {
                            "Enabled": true,
                            "CanSTUN": true,
                            "Error": null
                        }
                    }
                ]
            },
            "1004": {
                "healthy": true,
                "severity": "ok",
                "warnings": [],
                "region": {
                    "EmbeddedRelay": false,
                    "RegionID": 1004,
                    "RegionCode": "coder_stun_1004",
                    "RegionName": "Coder STUN 1004",
                    "Nodes": [
                        {
                            "Name": "1004stun0",
                            "RegionID": 1004,
                            "HostName": "stun4.l.google.com",
                            "STUNPort": 19302,
                            "STUNOnly": true
                        }
                    ]
                },
                "node_reports": [
                    {
                        "healthy": true,
                        "severity": "ok",
                        "warnings": [],
                        "node": {
                            "Name": "1004stun0",
                            "RegionID": 1004,
                            "HostName": "stun4.l.google.com",
                            "STUNPort": 19302,
                            "STUNOnly": true
                        },
                        "node_info": {
                            "TokenBucketBytesPerSecond": 0,
                            "TokenBucketBytesBurst": 0
                        },
                        "can_exchange_messages": false,
                        "round_trip_ping": "",
                        "round_trip_ping_ms": 0,
                        "uses_websocket": false,
                        "client_logs": [],
                        "client_errs": [],
                        "stun": {
                            "Enabled": true,
                            "CanSTUN": true,
                            "Error": null
                        }
                    }
                ]
            },
            "999": {
                "healthy": true,
                "severity": "ok",
                "warnings": [],
                "region": {
                    "EmbeddedRelay": true,
                    "RegionID": 999,
                    "RegionCode": "coder",
                    "RegionName": "Coder Embedded Relay",
                    "Nodes": [
                        {
                            "Name": "999b",
                            "RegionID": 999,
                            "HostName": "coder.mcrn.cc",
                            "STUNPort": -1,
                            "DERPPort": 443
                        }
                    ]
                },
                "node_reports": [
                    {
                        "healthy": true,
                        "severity": "ok",
                        "warnings": [],
                        "node": {
                            "Name": "999b",
                            "RegionID": 999,
                            "HostName": "coder.mcrn.cc",
                            "STUNPort": -1,
                            "DERPPort": 443
                        },
                        "node_info": {
                            "TokenBucketBytesPerSecond": 0,
                            "TokenBucketBytesBurst": 0
                        },
                        "can_exchange_messages": true,
                        "round_trip_ping": "561.37µs",
                        "round_trip_ping_ms": 0,
                        "uses_websocket": false,
                        "client_logs": [
                            [
                                "derphttp.Client.Connect: connecting to https://coder.mcrn.cc/derp",
                                "derphttp.Client.Connect: TLS version 0x304",
                                "derpclient: got cert coder.mcrn.cc",
                                "derpclient: got cert R12",
                                "derphttp.Client.Connect: not using fast start",
                                "derphttp.Client.Connect: DERP server returned status 101"
                            ],
                            [
                                "derphttp.Client.Connect: connecting to https://coder.mcrn.cc/derp",
                                "derphttp.Client.Connect: TLS version 0x304",
                                "derpclient: got cert coder.mcrn.cc",
                                "derpclient: got cert R12",
                                "derphttp.Client.Connect: not using fast start",
                                "derphttp.Client.Connect: DERP server returned status 101"
                            ]
                        ],
                        "client_errs": [
                            [],
                            []
                        ],
                        "stun": {
                            "Enabled": false,
                            "CanSTUN": false,
                            "Error": null
                        }
                    }
                ]
            }
        },
        "netcheck": {
            "UDP": true,
            "IPv6": false,
            "IPv4": true,
            "IPv6CanSend": false,
            "IPv4CanSend": true,
            "OSHasIPv6": true,
            "ICMPv4": false,
            "MappingVariesByDestIP": false,
            "HairPinning": null,
            "UPnP": false,
            "PMP": false,
            "PCP": false,
            "PreferredDERP": 999,
            "RegionLatency": {
                "999": 1082416
            },
            "RegionV4Latency": {
                "999": 1082416
            },
            "RegionV6Latency": {},
            "GlobalV4": "27.32.138.255:26952",
            "GlobalV6": "",
            "CaptivePortal": null
        },
        "netcheck_logs": [
            "netcheck: netcheck.runProbe: got STUN response for 1003stun0 from 27.32.138.255:26952 (902418b21183569ee39f6ea1) in 22.87275ms",
            "netcheck: netcheck.runProbe: got STUN response for 1003stun0 from 27.32.138.255:26952 (1d5c2600f953a0993429c591) in 22.590443ms",
            "netcheck: netcheck.runProbe: got STUN response for 1003stun0 from 27.32.138.255:26952 (acc49b738a90aee16211e0e9) in 22.53254ms",
            "netcheck: netcheck.runProbe: got STUN response for 1002stun0 from 27.32.138.255:26952 (0dd0eaba2fb15c61bbf2e943) in 27.241996ms",
            "netcheck: netcheck.runProbe: got STUN response for 1002stun0 from 27.32.138.255:26952 (416932757f9044be89cb77bc) in 27.305903ms",
            "netcheck: netcheck.runProbe: got STUN response for 1002stun0 from 27.32.138.255:26952 (ce960c86ba8f87f69d74053a) in 27.265826ms",
            "netcheck: netcheck.runProbe: got STUN response for 1004stun0 from 27.32.138.255:26952 (ef354aca4e23c7f069aba432) in 27.206453ms",
            "netcheck: netcheck.runProbe: got STUN response for 1004stun0 from 27.32.138.255:26952 (c29a186f25763d25c0879da7) in 27.199703ms",
            "netcheck: netcheck.runProbe: got STUN response for 1000stun0 from 27.32.138.255:26952 (f69be78b26f7142094b785cc) in 26.597924ms",
            "netcheck: netcheck.runProbe: got STUN response for 1004stun0 from 27.32.138.255:26952 (a8cbe9387868d023e37429cd) in 27.215901ms",
            "netcheck: netcheck.runProbe: got STUN response for 1000stun0 from 27.32.138.255:26952 (3127f3782b924ad5c8b03191) in 26.576147ms",
            "netcheck: netcheck.runProbe: got STUN response for 1000stun0 from 27.32.138.255:26952 (6ca170ae9363eaec45c0237c) in 26.572204ms",
            "netcheck: netcheck.runProbe: got STUN response for 1001stun0 from 27.32.138.255:26952 (7e20bc21e2cac76236b35acd) in 23.371641ms",
            "netcheck: netcheck.runProbe: got STUN response for 1001stun0 from 27.32.138.255:26952 (5e27c3ccb802ce6b75cf7034) in 23.506064ms",
            "netcheck: netcheck.runProbe: got STUN response for 1001stun0 from 27.32.138.255:26952 (01696a57bc90d42d0039436d) in 23.433318ms",
            "netcheck: [v1] measuring ICMP latency of coder (999): no address for node 999b",
            "netcheck: [v1] report: udp=true v6=false v6os=true mapvarydest=false hair= portmap= v4a=27.32.138.255:26952 derp=999 derpdist=999v4:1ms"
        ]
    },
    "access_url": {
        "severity": "ok",
        "warnings": [],
        "dismissed": false,
        "healthy": true,
        "access_url": "https://coder.mcrn.cc",
        "reachable": true,
        "status_code": 200,
        "healthz_response": "OK"
    },
    "websocket": {
        "healthy": true,
        "severity": "ok",
        "warnings": [],
        "dismissed": false,
        "body": "",
        "code": 101
    },
    "database": {
        "severity": "ok",
        "warnings": [],
        "dismissed": false,
        "healthy": true,
        "reachable": true,
        "latency": "189.342µs",
        "latency_ms": 0,
        "threshold_ms": 15
    },
    "workspace_proxy": {
        "healthy": true,
        "severity": "ok",
        "warnings": [],
        "dismissed": false,
        "workspace_proxies": {
            "regions": [
                {
                    "id": "ba3de23f-686d-4e15-b988-34b1531e848b",
                    "name": "primary",
                    "display_name": "Default",
                    "icon_url": "/emojis/1f3e1.png",
                    "healthy": true,
                    "path_app_url": "https://coder.mcrn.cc",
                    "wildcard_hostname": "*.coder.mcrn.cc",
                    "derp_enabled": false,
                    "derp_only": false,
                    "status": {
                        "status": "ok",
                        "report": {
                            "errors": [],
                            "warnings": []
                        },
                        "checked_at": "2025-09-25T06:28:00.587967Z"
                    },
                    "created_at": "2025-09-25T06:28:00.587967Z",
                    "updated_at": "2025-09-25T06:28:00.587967Z",
                    "deleted": false,
                    "version": ""
                }
            ]
        }
    },
    "provisioner_daemons": {
        "severity": "ok",
        "warnings": [],
        "dismissed": false,
        "items": [
            {
                "provisioner_daemon": {
                    "id": "04b1a50d-ea1f-4570-a4e3-b8800b5e736f",
                    "organization_id": "d898ad9c-63b7-40dd-a0b0-70216f783be0",
                    "key_id": "00000000-0000-0000-0000-000000000001",
                    "created_at": "2025-09-23T01:47:42.736914Z",
                    "last_seen_at": "2025-09-25T06:27:44.618657Z",
                    "name": "coder-59988478c9-7nvdf-0",
                    "version": "v2.25.2+f51e22d",
                    "api_version": "1.8",
                    "provisioners": [
                        "terraform"
                    ],
                    "tags": {
                        "owner": "",
                        "scope": "organization"
                    },
                    "key_name": null,
                    "status": null,
                    "current_job": null,
                    "previous_job": null
                },
                "warnings": []
            },
            {
                "provisioner_daemon": {
                    "id": "b6688b83-cd6a-462f-ab0f-dbdcaae98893",
                    "organization_id": "d898ad9c-63b7-40dd-a0b0-70216f783be0",
                    "key_id": "00000000-0000-0000-0000-000000000001",
                    "created_at": "2025-09-23T01:47:42.852052Z",
                    "last_seen_at": "2025-09-25T06:27:44.840353Z",
                    "name": "coder-59988478c9-7nvdf-1",
                    "version": "v2.25.2+f51e22d",
                    "api_version": "1.8",
                    "provisioners": [
                        "terraform"
                    ],
                    "tags": {
                        "owner": "",
                        "scope": "organization"
                    },
                    "key_name": null,
                    "status": null,
                    "current_job": null,
                    "previous_job": null
                },
                "warnings": []
            },
            {
                "provisioner_daemon": {
                    "id": "5a430390-9d8a-4174-aa16-7b0fb0830eb4",
                    "organization_id": "d898ad9c-63b7-40dd-a0b0-70216f783be0",
                    "key_id": "00000000-0000-0000-0000-000000000001",
                    "created_at": "2025-09-23T01:47:42.851614Z",
                    "last_seen_at": "2025-09-25T06:27:44.717712Z",
                    "name": "coder-59988478c9-7nvdf-2",
                    "version": "v2.25.2+f51e22d",
                    "api_version": "1.8",
                    "provisioners": [
                        "terraform"
                    ],
                    "tags": {
                        "owner": "",
                        "scope": "organization"
                    },
                    "key_name": null,
                    "status": null,
                    "current_job": null,
                    "previous_job": null
                },
                "warnings": []
            },
            {
                "provisioner_daemon": {
                    "id": "2e826b6e-26f2-4a9a-85f7-a996e11929fb",
                    "organization_id": "d898ad9c-63b7-40dd-a0b0-70216f783be0",
                    "key_id": "00000000-0000-0000-0000-000000000001",
                    "created_at": "2025-09-23T01:47:44.855412Z",
                    "last_seen_at": "2025-09-25T06:27:46.674589Z",
                    "name": "coder-59988478c9-rpb2r-0",
                    "version": "v2.25.2+f51e22d",
                    "api_version": "1.8",
                    "provisioners": [
                        "terraform"
                    ],
                    "tags": {
                        "owner": "",
                        "scope": "organization"
                    },
                    "key_name": null,
                    "status": null,
                    "current_job": null,
                    "previous_job": null
                },
                "warnings": []
            },
            {
                "provisioner_daemon": {
                    "id": "6feac38c-9bab-4dea-8254-077405040263",
                    "organization_id": "d898ad9c-63b7-40dd-a0b0-70216f783be0",
                    "key_id": "00000000-0000-0000-0000-000000000001",
                    "created_at": "2025-09-23T01:47:44.953972Z",
                    "last_seen_at": "2025-09-25T06:27:46.674588Z",
                    "name": "coder-59988478c9-rpb2r-1",
                    "version": "v2.25.2+f51e22d",
                    "api_version": "1.8",
                    "provisioners": [
                        "terraform"
                    ],
                    "tags": {
                        "owner": "",
                        "scope": "organization"
                    },
                    "key_name": null,
                    "status": null,
                    "current_job": null,
                    "previous_job": null
                },
                "warnings": []
            },
            {
                "provisioner_daemon": {
                    "id": "1ff227cf-dc7d-4d02-aa01-77cb4d14fec9",
                    "organization_id": "d898ad9c-63b7-40dd-a0b0-70216f783be0",
                    "key_id": "00000000-0000-0000-0000-000000000001",
                    "created_at": "2025-09-23T01:47:44.855395Z",
                    "last_seen_at": "2025-09-25T06:27:46.674666Z",
                    "name": "coder-59988478c9-rpb2r-2",
                    "version": "v2.25.2+f51e22d",
                    "api_version": "1.8",
                    "provisioners": [
                        "terraform"
                    ],
                    "tags": {
                        "owner": "",
                        "scope": "organization"
                    },
                    "key_name": null,
                    "status": null,
                    "current_job": null,
                    "previous_job": null
                },
                "warnings": []
            },
            {
                "provisioner_daemon": {
                    "id": "bdf1137a-739f-460a-8e45-9731421a68b0",
                    "organization_id": "d898ad9c-63b7-40dd-a0b0-70216f783be0",
                    "key_id": "992cd8dc-0e69-4584-a4ea-179f28eeaf7e",
                    "created_at": "2025-09-18T23:37:34.761696Z",
                    "last_seen_at": "2025-09-25T06:27:51.437202Z",
                    "name": "coder-provisioner-5df77d4756-wlhld",
                    "version": "v2.25.2+f51e22d",
                    "api_version": "1.8",
                    "provisioners": [
                        "terraform"
                    ],
                    "tags": {
                        "az": "us-east-99",
                        "owner": "",
                        "scope": "organization"
                    },
                    "key_name": null,
                    "status": null,
                    "current_job": null,
                    "previous_job": null
                },
                "warnings": []
            },
            {
                "provisioner_daemon": {
                    "id": "c67aed57-fd2e-4cdf-96c8-d356e7b9edfc",
                    "organization_id": "2047ef46-1d75-4daa-ab0e-e764b3a80f09",
                    "key_id": "351547c7-eeb9-4b6a-a4a4-e2ae735184ec",
                    "created_at": "2025-09-18T23:42:21.757121Z",
                    "last_seen_at": "2025-09-25T06:27:51.437194Z",
                    "name": "coder-provisioner-test-org-d885d4c7-2p9q5",
                    "version": "v2.25.2+f51e22d",
                    "api_version": "1.8",
                    "provisioners": [
                        "terraform"
                    ],
                    "tags": {
                        "owner": "",
                        "scope": "organization"
                    },
                    "key_name": null,
                    "status": null,
                    "current_job": null,
                    "previous_job": null
                },
                "warnings": []
            }
        ]
    },
    "coder_version": "v2.25.2+f51e22d"
}
