{
    "aggregated_from": "2025-09-25T06:12:42.719432027Z",
    "collected_at": "2025-09-25T06:27:42.720732Z",
    "next_update_at": "2025-09-25T06:28:12.720732Z",
    "workspaces": {
        "pending": 0,
        "building": 0,
        "running": 1,
        "failed": 0,
        "stopped": 0,
        "connection_latency_ms": {
            "P50": -1,
            "P95": -1
        },
        "rx_bytes": 0,
        "tx_bytes": 0
    },
    "session_count": {
        "vscode": 0,
        "ssh": 0,
        "jetbrains": 0,
        "reconnecting_pty": 0
    }
}
