{
    "severity": "ok",
    "warnings": null,
    "dismissed": false,
    "interfaces": [
        {
            "name": "lo0",
            "mtu": 16384,
            "addresses": [
                "127.0.0.1/8",
                "::1/128",
                "fe80::1/64"
            ]
        },
        {
            "name": "en7",
            "mtu": 1500,
            "addresses": [
                "192.168.51.15/23",
                "2407:8800:bcc2:7700:81d:fc1b:cec5:8064/64",
                "2407:8800:bcc2:7700:8c4a:184b:763e:5054/64",
                "fe80::100a:4b44:853b:3b0f/64"
            ]
        },
        {
            "name": "en0",
            "mtu": 1500,
            "addresses": [
                "192.168.51.176/23",
                "2407:8800:bcc2:7700:c49:6aaf:7d2a:764b/64",
                "2407:8800:bcc2:7700:29aa:e6dc:799f:d6ea/64",
                "2407:8800:bcc2:7700:4911:c1:ec8:81d6/64",
                "2407:8800:bcc2:7700:65d2:7f8c:c9f1:1929/64",
                "fe80::1438:a072:c74a:814b/64"
            ]
        }
    ]
}
