{
    "severity": "ok",
    "warnings": [],
    "dismissed": false,
    "healthy": true,
    "regions": {
        "1000": {
            "healthy": true,
            "severity": "ok",
            "warnings": [],
            "region": {
                "EmbeddedRelay": false,
                "RegionID": 1000,
                "RegionCode": "coder_stun_1000",
                "RegionName": "Coder STUN 1000",
                "Nodes": [
                    {
                        "Name": "1000stun0",
                        "RegionID": 1000,
                        "HostName": "stun.l.google.com",
                        "STUNPort": 19302,
                        "STUNOnly": true
                    }
                ]
            },
            "node_reports": [
                {
                    "healthy": true,
                    "severity": "ok",
                    "warnings": [],
                    "node": {
                        "Name": "1000stun0",
                        "RegionID": 1000,
                        "HostName": "stun.l.google.com",
                        "STUNPort": 19302,
                        "STUNOnly": true
                    },
                    "node_info": {
                        "TokenBucketBytesPerSecond": 0,
                        "TokenBucketBytesBurst": 0
                    },
                    "can_exchange_messages": false,
                    "round_trip_ping": "",
                    "round_trip_ping_ms": 0,
                    "uses_websocket": false,
                    "client_logs": [],
                    "client_errs": [],
                    "stun": {
                        "Enabled": true,
                        "CanSTUN": true,
                        "Error": null
                    }
                }
            ]
        },
        "1001": {
            "healthy": true,
            "severity": "ok",
            "warnings": [],
            "region": {
                "EmbeddedRelay": false,
                "RegionID": 1001,
                "RegionCode": "coder_stun_1001",
                "RegionName": "Coder STUN 1001",
                "Nodes": [
                    {
                        "Name": "1001stun0",
                        "RegionID": 1001,
                        "HostName": "stun1.l.google.com",
                        "STUNPort": 19302,
                        "STUNOnly": true
                    }
                ]
            },
            "node_reports": [
                {
                    "healthy": true,
                    "severity": "ok",
                    "warnings": [],
                    "node": {
                        "Name": "1001stun0",
                        "RegionID": 1001,
                        "HostName": "stun1.l.google.com",
                        "STUNPort": 19302,
                        "STUNOnly": true
                    },
                    "node_info": {
                        "TokenBucketBytesPerSecond": 0,
                        "TokenBucketBytesBurst": 0
                    },
                    "can_exchange_messages": false,
                    "round_trip_ping": "",
                    "round_trip_ping_ms": 0,
                    "uses_websocket": false,
                    "client_logs": [],
                    "client_errs": [],
                    "stun": {
                        "Enabled": true,
                        "CanSTUN": true,
                        "Error": null
                    }
                }
            ]
        },
        "1002": {
            "healthy": true,
            "severity": "ok",
            "warnings": [],
            "region": {
                "EmbeddedRelay": false,
                "RegionID": 1002,
                "RegionCode": "coder_stun_1002",
                "RegionName": "Coder STUN 1002",
                "Nodes": [
                    {
                        "Name": "1002stun0",
                        "RegionID": 1002,
                        "HostName": "stun2.l.google.com",
                        "STUNPort": 19302,
                        "STUNOnly": true
                    }
                ]
            },
            "node_reports": [
                {
                    "healthy": true,
                    "severity": "ok",
                    "warnings": [],
                    "node": {
                        "Name": "1002stun0",
                        "RegionID": 1002,
                        "HostName": "stun2.l.google.com",
                        "STUNPort": 19302,
                        "STUNOnly": true
                    },
                    "node_info": {
                        "TokenBucketBytesPerSecond": 0,
                        "TokenBucketBytesBurst": 0
                    },
                    "can_exchange_messages": false,
                    "round_trip_ping": "",
                    "round_trip_ping_ms": 0,
                    "uses_websocket": false,
                    "client_logs": [],
                    "client_errs": [],
                    "stun": {
                        "Enabled": true,
                        "CanSTUN": true,
                        "Error": null
                    }
                }
            ]
        },
        "1003": {
            "healthy": true,
            "severity": "ok",
            "warnings": [],
            "region": {
                "EmbeddedRelay": false,
                "RegionID": 1003,
                "RegionCode": "coder_stun_1003",
                "RegionName": "Coder STUN 1003",
                "Nodes": [
                    {
                        "Name": "1003stun0",
                        "RegionID": 1003,
                        "HostName": "stun3.l.google.com",
                        "STUNPort": 19302,
                        "STUNOnly": true
                    }
                ]
            },
            "node_reports": [
                {
                    "healthy": true,
                    "severity": "ok",
                    "warnings": [],
                    "node": {
                        "Name": "1003stun0",
                        "RegionID": 1003,
                        "HostName": "stun3.l.google.com",
                        "STUNPort": 19302,
                        "STUNOnly": true
                    },
                    "node_info": {
                        "TokenBucketBytesPerSecond": 0,
                        "TokenBucketBytesBurst": 0
                    },
                    "can_exchange_messages": false,
                    "round_trip_ping": "",
                    "round_trip_ping_ms": 0,
                    "uses_websocket": false,
                    "client_logs": [],
                    "client_errs": [],
                    "stun": {
                        "Enabled": true,
                        "CanSTUN": true,
                        "Error": null
                    }
                }
            ]
        },
        "1004": {
            "healthy": true,
            "severity": "ok",
            "warnings": [],
            "region": {
                "EmbeddedRelay": false,
                "RegionID": 1004,
                "RegionCode": "coder_stun_1004",
                "RegionName": "Coder STUN 1004",
                "Nodes": [
                    {
                        "Name": "1004stun0",
                        "RegionID": 1004,
                        "HostName": "stun4.l.google.com",
                        "STUNPort": 19302,
                        "STUNOnly": true
                    }
                ]
            },
            "node_reports": [
                {
                    "healthy": true,
                    "severity": "ok",
                    "warnings": [],
                    "node": {
                        "Name": "1004stun0",
                        "RegionID": 1004,
                        "HostName": "stun4.l.google.com",
                        "STUNPort": 19302,
                        "STUNOnly": true
                    },
                    "node_info": {
                        "TokenBucketBytesPerSecond": 0,
                        "TokenBucketBytesBurst": 0
                    },
                    "can_exchange_messages": false,
                    "round_trip_ping": "",
                    "round_trip_ping_ms": 0,
                    "uses_websocket": false,
                    "client_logs": [],
                    "client_errs": [],
                    "stun": {
                        "Enabled": true,
                        "CanSTUN": true,
                        "Error": null
                    }
                }
            ]
        },
        "999": {
            "healthy": true,
            "severity": "ok",
            "warnings": [],
            "region": {
                "EmbeddedRelay": true,
                "RegionID": 999,
                "RegionCode": "coder",
                "RegionName": "Coder Embedded Relay",
                "Nodes": [
                    {
                        "Name": "999b",
                        "RegionID": 999,
                        "HostName": "coder.mcrn.cc",
                        "STUNPort": -1,
                        "DERPPort": 443
                    }
                ]
            },
            "node_reports": [
                {
                    "healthy": true,
                    "severity": "ok",
                    "warnings": [],
                    "node": {
                        "Name": "999b",
                        "RegionID": 999,
                        "HostName": "coder.mcrn.cc",
                        "STUNPort": -1,
                        "DERPPort": 443
                    },
                    "node_info": {
                        "TokenBucketBytesPerSecond": 0,
                        "TokenBucketBytesBurst": 0
                    },
                    "can_exchange_messages": true,
                    "round_trip_ping": "413.334µs",
                    "round_trip_ping_ms": 0,
                    "uses_websocket": false,
                    "client_logs": [
                        [
                            "derphttp.Client.Connect: connecting to https://coder.mcrn.cc/derp",
                            "derphttp.Client.Connect: TLS version 0x304",
                            "derpclient: got cert coder.mcrn.cc",
                            "derpclient: got cert R12",
                            "derphttp.Client.Connect: not using fast start",
                            "derphttp.Client.Connect: DERP server returned status 101"
                        ],
                        [
                            "derphttp.Client.Connect: connecting to https://coder.mcrn.cc/derp",
                            "derphttp.Client.Connect: TLS version 0x304",
                            "derpclient: got cert coder.mcrn.cc",
                            "derpclient: got cert R12",
                            "derphttp.Client.Connect: not using fast start",
                            "derphttp.Client.Connect: DERP server returned status 101"
                        ]
                    ],
                    "client_errs": [
                        [],
                        []
                    ],
                    "stun": {
                        "Enabled": false,
                        "CanSTUN": false,
                        "Error": null
                    }
                }
            ]
        }
    },
    "netcheck": {
        "UDP": true,
        "IPv6": true,
        "IPv4": true,
        "IPv6CanSend": true,
        "IPv4CanSend": true,
        "OSHasIPv6": true,
        "ICMPv4": false,
        "MappingVariesByDestIP": false,
        "HairPinning": false,
        "UPnP": false,
        "PMP": false,
        "PCP": false,
        "PreferredDERP": 999,
        "RegionLatency": {
            "999": 1008000
        },
        "RegionV4Latency": {
            "999": 1008000
        },
        "RegionV6Latency": {},
        "GlobalV4": "27.32.138.255:1833",
        "GlobalV6": "[2407:8800:bcc2:7700:8c4a:184b:763e:5054]:64811",
        "CaptivePortal": null
    },
    "netcheck_logs": [
        "netcheck: netcheck.runProbe: got STUN response for 1004stun0 from 27.32.138.255:1833 (975345c7344d5ffd28b7e1fe) in 32.357417ms",
        "netcheck: netcheck.runProbe: got STUN response for 1004stun0 from 27.32.138.255:1833 (6628428cf313364041c34018) in 32.365417ms",
        "netcheck: netcheck.runProbe: got STUN response for 1002stun0 from 27.32.138.255:1833 (bd82357cfc56771c8346824b) in 27.747209ms",
        "netcheck: netcheck.runProbe: got STUN response for 1002stun0 from 27.32.138.255:1833 (ae37851b50fafc54378eff1a) in 27.751333ms",
        "netcheck: netcheck.runProbe: got STUN response for 1004stun0 from 27.32.138.255:1833 (e1f180ce6d0f87082374073d) in 32.360916ms",
        "netcheck: netcheck.runProbe: got STUN response for 1002stun0 from 27.32.138.255:1833 (3129ecf8cc1c3a05e8c30ae0) in 27.754209ms",
        "netcheck: netcheck.runProbe: got STUN response for 1000stun0 from 27.32.138.255:1833 (a81d68ae3598d6a88350c060) in 24.913709ms",
        "netcheck: netcheck.runProbe: got STUN response for 1000stun0 from 27.32.138.255:1833 (25f8c778ee80b60e6f25bd25) in 24.864333ms",
        "netcheck: netcheck.runProbe: got STUN response for 1000stun0 from 27.32.138.255:1833 (96652197307dab4fcaffeefc) in 24.875875ms",
        "netcheck: netcheck.runProbe: got STUN response for 1001stun0 from 27.32.138.255:1833 (fd3fbbcb733842d6038dc76f) in 23.08075ms",
        "netcheck: netcheck.runProbe: got STUN response for 1001stun0 from 27.32.138.255:1833 (e3bd7586e7e45b15811d75db) in 23.078584ms",
        "netcheck: netcheck.runProbe: got STUN response for 1001stun0 from 27.32.138.255:1833 (2bb5e2116ca49b87fb626889) in 23.07575ms",
        "netcheck: netcheck.runProbe: got STUN response for 1004stun0 from [2407:8800:bcc2:7700:8c4a:184b:763e:5054]:64811 (9cf61a29d65c389bee911722) in 33.231417ms",
        "netcheck: netcheck.runProbe: got STUN response for 1004stun0 from [2407:8800:bcc2:7700:8c4a:184b:763e:5054]:64811 (05d4e8e43326d31c9a72c9a5) in 33.237667ms",
        "netcheck: netcheck.runProbe: got STUN response for 1004stun0 from [2407:8800:bcc2:7700:8c4a:184b:763e:5054]:64811 (8bcde92eb5d4bf97ccd8f0bb) in 33.249041ms",
        "netcheck: netcheck.runProbe: got STUN response for 1002stun0 from [2407:8800:bcc2:7700:8c4a:184b:763e:5054]:64811 (3edae2f127ca53423685e032) in 28.67375ms",
        "netcheck: netcheck.runProbe: got STUN response for 1002stun0 from [2407:8800:bcc2:7700:8c4a:184b:763e:5054]:64811 (552f9e3ade42ad40c69767dc) in 28.683375ms",
        "netcheck: netcheck.runProbe: got STUN response for 1002stun0 from [2407:8800:bcc2:7700:8c4a:184b:763e:5054]:64811 (e7ff1f37b25b8d8319f80ee0) in 28.680666ms",
        "netcheck: netcheck.runProbe: got STUN response for 1000stun0 from [2407:8800:bcc2:7700:8c4a:184b:763e:5054]:64811 (3c9ba5db73372e068e6df754) in 25.83675ms",
        "netcheck: netcheck.runProbe: got STUN response for 1000stun0 from [2407:8800:bcc2:7700:8c4a:184b:763e:5054]:64811 (9c1d6beec48ee3e16935dada) in 25.81575ms",
        "netcheck: netcheck.runProbe: got STUN response for 1000stun0 from [2407:8800:bcc2:7700:8c4a:184b:763e:5054]:64811 (53d58e23e55ba203463ef54f) in 25.811792ms",
        "netcheck: netcheck.runProbe: got STUN response for 1001stun0 from [2407:8800:bcc2:7700:8c4a:184b:763e:5054]:64811 (92a9d50400c539ce17af3370) in 24.070458ms",
        "netcheck: netcheck.runProbe: got STUN response for 1001stun0 from [2407:8800:bcc2:7700:8c4a:184b:763e:5054]:64811 (707ea39428c4ee169f3118e2) in 24.052666ms",
        "netcheck: netcheck.runProbe: got STUN response for 1001stun0 from [2407:8800:bcc2:7700:8c4a:184b:763e:5054]:64811 (497f4dc081c65e97bdbd7349) in 23.998458ms",
        "netcheck: netcheck.runProbe: got STUN response for 1003stun0 from 27.32.138.255:1833 (c34077d2f014224b557a6b6b) in 46.383833ms",
        "netcheck: netcheck.runProbe: got STUN response for 1003stun0 from 27.32.138.255:1833 (aff145be9bb16101b7e356ae) in 46.279834ms",
        "netcheck: netcheck.runProbe: got STUN response for 1003stun0 from 27.32.138.255:1833 (a5c2902e92522c048fd3e33d) in 46.256375ms",
        "netcheck: [v1] measuring ICMP latency of coder (999): no address for node 999b",
        "netcheck: netcheck.runProbe: got STUN response for 1003stun0 from [2407:8800:bcc2:7700:8c4a:184b:763e:5054]:64811 (d06934c664d47fd343f55312) in 46.431ms",
        "netcheck: netcheck.runProbe: got STUN response for 1003stun0 from [2407:8800:bcc2:7700:8c4a:184b:763e:5054]:64811 (c99934bd5042c25c9020c389) in 46.31675ms",
        "netcheck: netcheck.runProbe: got STUN response for 1003stun0 from [2407:8800:bcc2:7700:8c4a:184b:763e:5054]:64811 (b3356e808c266fb6239a9932) in 46.290916ms",
        "netcheck: [v1] report: udp=true v6=true mapvarydest=false hair=false portmap= v4a=27.32.138.255:1833 v6a=[2407:8800:bcc2:7700:8c4a:184b:763e:5054]:64811 derp=999 derpdist=999v4:1ms"
    ]
}
