{
    "id": "00000000-0000-0000-0000-000000000000",
    "created_at": "0001-01-01T00:00:00Z",
    "updated_at": "0001-01-01T00:00:00Z",
    "organization_id": "00000000-0000-0000-0000-000000000000",
    "organization_name": "",
    "organization_display_name": "",
    "organization_icon": "",
    "name": "",
    "display_name": "",
    "provisioner": "",
    "active_version_id": "00000000-0000-0000-0000-000000000000",
    "active_user_count": 0,
    "build_time_stats": null,
    "description": "",
    "deprecated": false,
    "deprecation_message": "",
    "icon": "",
    "default_ttl_ms": 0,
    "activity_bump_ms": 0,
    "autostop_requirement": {
        "days_of_week": null,
        "weeks": 0
    },
    "autostart_requirement": {
        "days_of_week": null
    },
    "created_by_id": "00000000-0000-0000-0000-000000000000",
    "created_by_name": "",
    "allow_user_autostart": false,
    "allow_user_autostop": false,
    "allow_user_cancel_workspace_jobs": false,
    "failure_ttl_ms": 0,
    "time_til_dormant_ms": 0,
    "time_til_dormant_autodelete_ms": 0,
    "require_active_version": false,
    "max_port_share_level": "",
    "cors_behavior": "",
    "use_classic_parameter_flow": false
}
