{
    "id": "00000000-0000-0000-0000-000000000000",
    "organization_id": "00000000-0000-0000-0000-000000000000",
    "created_at": "0001-01-01T00:00:00Z",
    "updated_at": "0001-01-01T00:00:00Z",
    "name": "",
    "message": "",
    "job": {
        "id": "00000000-0000-0000-0000-000000000000",
        "created_at": "0001-01-01T00:00:00Z",
        "status": "",
        "file_id": "00000000-0000-0000-0000-000000000000",
        "tags": null,
        "queue_position": 0,
        "queue_size": 0,
        "organization_id": "00000000-0000-0000-0000-000000000000",
        "input": {},
        "type": "",
        "metadata": {
            "template_version_name": "",
            "template_id": "00000000-0000-0000-0000-000000000000",
            "template_name": "",
            "template_display_name": "",
            "template_icon": ""
        },
        "logs_overflowed": false
    },
    "readme": "",
    "created_by": {
        "id": "00000000-0000-0000-0000-000000000000",
        "username": ""
    },
    "archived": false,
    "has_external_agent": false
}
