{
    "id": "00000000-0000-0000-0000-000000000000",
    "created_at": "0001-01-01T00:00:00Z",
    "updated_at": "0001-01-01T00:00:00Z",
    "owner_id": "00000000-0000-0000-0000-000000000000",
    "owner_name": "",
    "owner_avatar_url": "",
    "organization_id": "00000000-0000-0000-0000-000000000000",
    "organization_name": "",
    "template_id": "00000000-0000-0000-0000-000000000000",
    "template_name": "",
    "template_display_name": "",
    "template_icon": "",
    "template_allow_user_cancel_workspace_jobs": false,
    "template_active_version_id": "00000000-0000-0000-0000-000000000000",
    "template_require_active_version": false,
    "template_use_classic_parameter_flow": false,
    "latest_build": {
        "id": "00000000-0000-0000-0000-000000000000",
        "created_at": "0001-01-01T00:00:00Z",
        "updated_at": "0001-01-01T00:00:00Z",
        "workspace_id": "00000000-0000-0000-0000-000000000000",
        "workspace_name": "",
        "workspace_owner_id": "00000000-0000-0000-0000-000000000000",
        "workspace_owner_name": "",
        "template_version_id": "00000000-0000-0000-0000-000000000000",
        "template_version_name": "",
        "build_number": 0,
        "transition": "",
        "initiator_id": "00000000-0000-0000-0000-000000000000",
        "initiator_name": "",
        "job": {
            "id": "00000000-0000-0000-0000-000000000000",
            "created_at": "0001-01-01T00:00:00Z",
            "status": "",
            "file_id": "00000000-0000-0000-0000-000000000000",
            "tags": null,
            "queue_position": 0,
            "queue_size": 0,
            "organization_id": "00000000-0000-0000-0000-000000000000",
            "input": {},
            "type": "",
            "metadata": {
                "template_version_name": "",
                "template_id": "00000000-0000-0000-0000-000000000000",
                "template_name": "",
                "template_display_name": "",
                "template_icon": ""
            },
            "logs_overflowed": false
        },
        "reason": "",
        "resources": null,
        "deadline": null,
        "max_deadline": null,
        "status": "",
        "daily_cost": 0,
        "template_version_preset_id": null
    },
    "latest_app_status": null,
    "outdated": false,
    "name": "",
    "last_used_at": "0001-01-01T00:00:00Z",
    "deleting_at": null,
    "dormant_at": null,
    "health": {
        "healthy": false,
        "failing_agents": null
    },
    "automatic_updates": "",
    "allow_renames": false,
    "favorite": false,
    "next_start_at": null,
    "is_prebuild": false
}
