{
    "features": {
        "access_control": {
            "entitlement": "entitled",
            "enabled": true
        },
        "advanced_template_scheduling": {
            "entitlement": "entitled",
            "enabled": true
        },
        "appearance": {
            "entitlement": "entitled",
            "enabled": true
        },
        "audit_log": {
            "entitlement": "entitled",
            "enabled": true
        },
        "browser_only": {
            "entitlement": "entitled",
            "enabled": false
        },
        "connection_log": {
            "entitlement": "entitled",
            "enabled": true
        },
        "control_shared_ports": {
            "entitlement": "entitled",
            "enabled": true
        },
        "custom_roles": {
            "entitlement": "entitled",
            "enabled": true
        },
        "external_provisioner_daemons": {
            "entitlement": "entitled",
            "enabled": true
        },
        "external_token_encryption": {
            "entitlement": "entitled",
            "enabled": false
        },
        "high_availability": {
            "entitlement": "entitled",
            "enabled": true
        },
        "managed_agent_limit": {
            "entitlement": "entitled",
            "enabled": true,
            "limit": 50000,
            "actual": 40,
            "soft_limit": 40000,
            "usage_period": {
                "issued_at": "2025-07-01T00:00:00Z",
                "start": "2025-01-23T13:08:06Z",
                "end": "2026-01-22T18:00:00Z"
            }
        },
        "multiple_external_auth": {
            "entitlement": "entitled",
            "enabled": true
        },
        "multiple_organizations": {
            "entitlement": "entitled",
            "enabled": true
        },
        "scim": {
            "entitlement": "entitled",
            "enabled": true
        },
        "template_rbac": {
            "entitlement": "entitled",
            "enabled": true
        },
        "user_limit": {
            "entitlement": "entitled",
            "enabled": true,
            "limit": 50,
            "actual": 4
        },
        "user_role_management": {
            "entitlement": "entitled",
            "enabled": true
        },
        "workspace_batch_actions": {
            "entitlement": "entitled",
            "enabled": true
        },
        "workspace_prebuilds": {
            "entitlement": "entitled",
            "enabled": true
        },
        "workspace_proxy": {
            "entitlement": "entitled",
            "enabled": true
        }
    },
    "warnings": [],
    "errors": [],
    "has_license": true,
    "trial": false,
    "require_telemetry": false,
    "refreshed_at": "2025-10-06T03:53:26.140317573Z"
}
