{
    "time": "2025-10-06T03:53:29.933367074Z",
    "healthy": true,
    "severity": "ok",
    "derp": {
        "severity": "ok",
        "warnings": [],
        "dismissed": false,
        "healthy": true,
        "regions": {
            "1000": {
                "healthy": true,
                "severity": "ok",
                "warnings": [],
                "region": {
                    "EmbeddedRelay": false,
                    "RegionID": 1000,
                    "RegionCode": "coder_stun_1000",
                    "RegionName": "Coder STUN 1000",
                    "Nodes": [
                        {
                            "Name": "1000stun0",
                            "RegionID": 1000,
                            "HostName": "stun.l.google.com",
                            "STUNPort": 19302,
                            "STUNOnly": true
                        }
                    ]
                },
                "node_reports": [
                    {
                        "healthy": true,
                        "severity": "ok",
                        "warnings": [],
                        "node": {
                            "Name": "1000stun0",
                            "RegionID": 1000,
                            "HostName": "stun.l.google.com",
                            "STUNPort": 19302,
                            "STUNOnly": true
                        },
                        "node_info": {
                            "TokenBucketBytesPerSecond": 0,
                            "TokenBucketBytesBurst": 0
                        },
                        "can_exchange_messages": false,
                        "round_trip_ping": "",
                        "round_trip_ping_ms": 0,
                        "uses_websocket": false,
                        "client_logs": [],
                        "client_errs": [],
                        "stun": {
                            "Enabled": true,
                            "CanSTUN": true,
                            "Error": null
                        }
                    }
                ]
            },
            "1001": {
                "healthy": true,
                "severity": "ok",
                "warnings": [],
                "region": {
                    "EmbeddedRelay": false,
                    "RegionID": 1001,
                    "RegionCode": "coder_stun_1001",
                    "RegionName": "Coder STUN 1001",
                    "Nodes": [
                        {
                            "Name": "1001stun0",
                            "RegionID": 1001,
                            "HostName": "stun1.l.google.com",
                            "STUNPort": 19302,
                            "STUNOnly": true
                        }
                    ]
                },
                "node_reports": [
                    {
                        "healthy": true,
                        "severity": "ok",
                        "warnings": [],
                        "node": {
                            "Name": "1001stun0",
                            "RegionID": 1001,
                            "HostName": "stun1.l.google.com",
                            "STUNPort": 19302,
                            "STUNOnly": true
                        },
                        "node_info": {
                            "TokenBucketBytesPerSecond": 0,
                            "TokenBucketBytesBurst": 0
                        },
                        "can_exchange_messages": false,
                        "round_trip_ping": "",
                        "round_trip_ping_ms": 0,
                        "uses_websocket": false,
                        "client_logs": [],
                        "client_errs": [],
                        "stun": {
                            "Enabled": true,
                            "CanSTUN": true,
                            "Error": null
                        }
                    }
                ]
            },
            "1002": {
                "healthy": true,
                "severity": "ok",
                "warnings": [],
                "region": {
                    "EmbeddedRelay": false,
                    "RegionID": 1002,
                    "RegionCode": "coder_stun_1002",
                    "RegionName": "Coder STUN 1002",
                    "Nodes": [
                        {
                            "Name": "1002stun0",
                            "RegionID": 1002,
                            "HostName": "stun2.l.google.com",
                            "STUNPort": 19302,
                            "STUNOnly": true
                        }
                    ]
                },
                "node_reports": [
                    {
                        "healthy": true,
                        "severity": "ok",
                        "warnings": [],
                        "node": {
                            "Name": "1002stun0",
                            "RegionID": 1002,
                            "HostName": "stun2.l.google.com",
                            "STUNPort": 19302,
                            "STUNOnly": true
                        },
                        "node_info": {
                            "TokenBucketBytesPerSecond": 0,
                            "TokenBucketBytesBurst": 0
                        },
                        "can_exchange_messages": false,
                        "round_trip_ping": "",
                        "round_trip_ping_ms": 0,
                        "uses_websocket": false,
                        "client_logs": [],
                        "client_errs": [],
                        "stun": {
                            "Enabled": true,
                            "CanSTUN": true,
                            "Error": null
                        }
                    }
                ]
            },
            "1003": {
                "healthy": true,
                "severity": "ok",
                "warnings": [],
                "region": {
                    "EmbeddedRelay": false,
                    "RegionID": 1003,
                    "RegionCode": "coder_stun_1003",
                    "RegionName": "Coder STUN 1003",
                    "Nodes": [
                        {
                            "Name": "1003stun0",
                            "RegionID": 1003,
                            "HostName": "stun3.l.google.com",
                            "STUNPort": 19302,
                            "STUNOnly": true
                        }
                    ]
                },
                "node_reports": [
                    {
                        "healthy": true,
                        "severity": "ok",
                        "warnings": [],
                        "node": {
                            "Name": "1003stun0",
                            "RegionID": 1003,
                            "HostName": "stun3.l.google.com",
                            "STUNPort": 19302,
                            "STUNOnly": true
                        },
                        "node_info": {
                            "TokenBucketBytesPerSecond": 0,
                            "TokenBucketBytesBurst": 0
                        },
                        "can_exchange_messages": false,
                        "round_trip_ping": "",
                        "round_trip_ping_ms": 0,
                        "uses_websocket": false,
                        "client_logs": [],
                        "client_errs": [],
                        "stun": {
                            "Enabled": true,
                            "CanSTUN": true,
                            "Error": null
                        }
                    }
                ]
            },
            "1004": {
                "healthy": true,
                "severity": "ok",
                "warnings": [],
                "region": {
                    "EmbeddedRelay": false,
                    "RegionID": 1004,
                    "RegionCode": "coder_stun_1004",
                    "RegionName": "Coder STUN 1004",
                    "Nodes": [
                        {
                            "Name": "1004stun0",
                            "RegionID": 1004,
                            "HostName": "stun4.l.google.com",
                            "STUNPort": 19302,
                            "STUNOnly": true
                        }
                    ]
                },
                "node_reports": [
                    {
                        "healthy": true,
                        "severity": "ok",
                        "warnings": [],
                        "node": {
                            "Name": "1004stun0",
                            "RegionID": 1004,
                            "HostName": "stun4.l.google.com",
                            "STUNPort": 19302,
                            "STUNOnly": true
                        },
                        "node_info": {
                            "TokenBucketBytesPerSecond": 0,
                            "TokenBucketBytesBurst": 0
                        },
                        "can_exchange_messages": false,
                        "round_trip_ping": "",
                        "round_trip_ping_ms": 0,
                        "uses_websocket": false,
                        "client_logs": [],
                        "client_errs": [],
                        "stun": {
                            "Enabled": true,
                            "CanSTUN": true,
                            "Error": null
                        }
                    }
                ]
            },
            "999": {
                "healthy": true,
                "severity": "ok",
                "warnings": [],
                "region": {
                    "EmbeddedRelay": true,
                    "RegionID": 999,
                    "RegionCode": "coder",
                    "RegionName": "Coder Embedded Relay",
                    "Nodes": [
                        {
                            "Name": "999b",
                            "RegionID": 999,
                            "HostName": "coder.mcrn.cc",
                            "STUNPort": -1,
                            "DERPPort": 443
                        }
                    ]
                },
                "node_reports": [
                    {
                        "healthy": true,
                        "severity": "ok",
                        "warnings": [],
                        "node": {
                            "Name": "999b",
                            "RegionID": 999,
                            "HostName": "coder.mcrn.cc",
                            "STUNPort": -1,
                            "DERPPort": 443
                        },
                        "node_info": {
                            "TokenBucketBytesPerSecond": 0,
                            "TokenBucketBytesBurst": 0
                        },
                        "can_exchange_messages": true,
                        "round_trip_ping": "932.793µs",
                        "round_trip_ping_ms": 0,
                        "uses_websocket": false,
                        "client_logs": [
                            [
                                "derphttp.Client.Connect: connecting to https://coder.mcrn.cc/derp",
                                "derphttp.Client.Connect: TLS version 0x304",
                                "derpclient: got cert coder.mcrn.cc",
                                "derpclient: got cert R12",
                                "derphttp.Client.Connect: not using fast start",
                                "derphttp.Client.Connect: DERP server returned status 101"
                            ],
                            [
                                "derphttp.Client.Connect: connecting to https://coder.mcrn.cc/derp",
                                "derphttp.Client.Connect: TLS version 0x304",
                                "derpclient: got cert coder.mcrn.cc",
                                "derpclient: got cert R12",
                                "derphttp.Client.Connect: not using fast start",
                                "derphttp.Client.Connect: DERP server returned status 101"
                            ]
                        ],
                        "client_errs": [
                            [],
                            []
                        ],
                        "stun": {
                            "Enabled": false,
                            "CanSTUN": false,
                            "Error": null
                        }
                    }
                ]
            }
        },
        "netcheck": {
            "UDP": true,
            "IPv6": false,
            "IPv4": true,
            "IPv6CanSend": false,
            "IPv4CanSend": true,
            "OSHasIPv6": true,
            "ICMPv4": false,
            "MappingVariesByDestIP": false,
            "HairPinning": null,
            "UPnP": false,
            "PMP": false,
            "PCP": false,
            "PreferredDERP": 999,
            "RegionLatency": {
                "999": 530298
            },
            "RegionV4Latency": {
                "999": 530298
            },
            "RegionV6Latency": {},
            "GlobalV4": "27.32.138.255:10206",
            "GlobalV6": "",
            "CaptivePortal": null
        },
        "netcheck_logs": [
            "netcheck: netcheck.runProbe: got STUN response for 1003stun0 from 27.32.138.255:10206 (48a2730e92eccccc87d80ace) in 21.041777ms",
            "netcheck: netcheck.runProbe: got STUN response for 1003stun0 from 27.32.138.255:10206 (716d3e20fef179af792ae0a1) in 21.028778ms",
            "netcheck: netcheck.runProbe: got STUN response for 1003stun0 from 27.32.138.255:10206 (ca5add1171148b7987e97403) in 21.019124ms",
            "netcheck: [v1] measuring ICMP latency of coder (999): no address for node 999b",
            "netcheck: [v1] report: udp=true v6=false v6os=true mapvarydest=false hair= portmap= v4a=27.32.138.255:10206 derp=999 derpdist=999v4:1ms"
        ]
    },
    "access_url": {
        "severity": "ok",
        "warnings": [],
        "dismissed": false,
        "healthy": true,
        "access_url": "https://coder.mcrn.cc",
        "reachable": true,
        "status_code": 200,
        "healthz_response": "OK"
    },
    "websocket": {
        "healthy": true,
        "severity": "ok",
        "warnings": [],
        "dismissed": false,
        "body": "",
        "code": 101
    },
    "database": {
        "severity": "ok",
        "warnings": [],
        "dismissed": false,
        "healthy": true,
        "reachable": true,
        "latency": "24.927µs",
        "latency_ms": 0,
        "threshold_ms": 15
    },
    "workspace_proxy": {
        "healthy": true,
        "severity": "ok",
        "warnings": [],
        "dismissed": false,
        "workspace_proxies": {
            "regions": [
                {
                    "id": "ba3de23f-686d-4e15-b988-34b1531e848b",
                    "name": "primary",
                    "display_name": "Default",
                    "icon_url": "/emojis/1f3e1.png",
                    "healthy": true,
                    "path_app_url": "https://coder.mcrn.cc",
                    "wildcard_hostname": "*.coder.mcrn.cc",
                    "derp_enabled": false,
                    "derp_only": false,
                    "status": {
                        "status": "ok",
                        "report": {
                            "errors": [],
                            "warnings": []
                        },
                        "checked_at": "2025-10-06T03:53:29.933363Z"
                    },
                    "created_at": "2025-10-06T03:53:29.933363Z",
                    "updated_at": "2025-10-06T03:53:29.933363Z",
                    "deleted": false,
                    "version": ""
                }
            ]
        }
    },
    "provisioner_daemons": {
        "severity": "ok",
        "warnings": [],
        "dismissed": false,
        "items": [
            {
                "provisioner_daemon": {
                    "id": "4b960260-834b-40c8-9a09-855930a67e2b",
                    "organization_id": "d898ad9c-63b7-40dd-a0b0-70216f783be0",
                    "key_id": "00000000-0000-0000-0000-000000000001",
                    "created_at": "2025-10-02T00:02:34.371537Z",
                    "last_seen_at": "2025-10-06T03:52:32.05941Z",
                    "name": "coder-7489b59876-5vghf-0",
                    "version": "v2.25.3+f3db876",
                    "api_version": "1.8",
                    "provisioners": [
                        "terraform"
                    ],
                    "tags": {
                        "owner": "",
                        "scope": "organization"
                    },
                    "key_name": null,
                    "status": null,
                    "current_job": null,
                    "previous_job": null
                },
                "warnings": []
            },
            {
                "provisioner_daemon": {
                    "id": "d0c5f584-d0f8-4acb-989d-8743236180f0",
                    "organization_id": "d898ad9c-63b7-40dd-a0b0-70216f783be0",
                    "key_id": "00000000-0000-0000-0000-000000000001",
                    "created_at": "2025-10-02T00:02:34.271799Z",
                    "last_seen_at": "2025-10-06T03:52:32.041487Z",
                    "name": "coder-7489b59876-5vghf-1",
                    "version": "v2.25.3+f3db876",
                    "api_version": "1.8",
                    "provisioners": [
                        "terraform"
                    ],
                    "tags": {
                        "owner": "",
                        "scope": "organization"
                    },
                    "key_name": null,
                    "status": null,
                    "current_job": null,
                    "previous_job": null
                },
                "warnings": []
            },
            {
                "provisioner_daemon": {
                    "id": "e0d98292-8d90-49f0-9e63-37412b2dda16",
                    "organization_id": "d898ad9c-63b7-40dd-a0b0-70216f783be0",
                    "key_id": "00000000-0000-0000-0000-000000000001",
                    "created_at": "2025-10-02T00:02:34.178959Z",
                    "last_seen_at": "2025-10-06T03:52:31.831478Z",
                    "name": "coder-7489b59876-5vghf-2",
                    "version": "v2.25.3+f3db876",
                    "api_version": "1.8",
                    "provisioners": [
                        "terraform"
                    ],
                    "tags": {
                        "owner": "",
                        "scope": "organization"
                    },
                    "key_name": null,
                    "status": null,
                    "current_job": null,
                    "previous_job": null
                },
                "warnings": []
            },
            {
                "provisioner_daemon": {
                    "id": "c2baeb3f-047c-42a5-a25e-c3a10726d493",
                    "organization_id": "d898ad9c-63b7-40dd-a0b0-70216f783be0",
                    "key_id": "00000000-0000-0000-0000-000000000001",
                    "created_at": "2025-10-02T00:02:17.786876Z",
                    "last_seen_at": "2025-10-06T03:52:46.569287Z",
                    "name": "coder-7489b59876-bwbss-0",
                    "version": "v2.25.3+f3db876",
                    "api_version": "1.8",
                    "provisioners": [
                        "terraform"
                    ],
                    "tags": {
                        "owner": "",
                        "scope": "organization"
                    },
                    "key_name": null,
                    "status": null,
                    "current_job": null,
                    "previous_job": null
                },
                "warnings": []
            },
            {
                "provisioner_daemon": {
                    "id": "d39ba4b1-0caa-4bfe-b8ac-6e6ed20a4aeb",
                    "organization_id": "d898ad9c-63b7-40dd-a0b0-70216f783be0",
                    "key_id": "00000000-0000-0000-0000-000000000001",
                    "created_at": "2025-10-02T00:02:17.986917Z",
                    "last_seen_at": "2025-10-06T03:52:46.569354Z",
                    "name": "coder-7489b59876-bwbss-1",
                    "version": "v2.25.3+f3db876",
                    "api_version": "1.8",
                    "provisioners": [
                        "terraform"
                    ],
                    "tags": {
                        "owner": "",
                        "scope": "organization"
                    },
                    "key_name": null,
                    "status": null,
                    "current_job": null,
                    "previous_job": null
                },
                "warnings": []
            },
            {
                "provisioner_daemon": {
                    "id": "85d5e4df-2d65-45c0-a3a8-aa642eb84513",
                    "organization_id": "d898ad9c-63b7-40dd-a0b0-70216f783be0",
                    "key_id": "00000000-0000-0000-0000-000000000001",
                    "created_at": "2025-10-02T00:02:17.787019Z",
                    "last_seen_at": "2025-10-06T03:52:46.569243Z",
                    "name": "coder-7489b59876-bwbss-2",
                    "version": "v2.25.3+f3db876",
                    "api_version": "1.8",
                    "provisioners": [
                        "terraform"
                    ],
                    "tags": {
                        "owner": "",
                        "scope": "organization"
                    },
                    "key_name": null,
                    "status": null,
                    "current_job": null,
                    "previous_job": null
                },
                "warnings": []
            },
            {
                "provisioner_daemon": {
                    "id": "bdf1137a-739f-460a-8e45-9731421a68b0",
                    "organization_id": "d898ad9c-63b7-40dd-a0b0-70216f783be0",
                    "key_id": "992cd8dc-0e69-4584-a4ea-179f28eeaf7e",
                    "created_at": "2025-09-18T23:37:34.761696Z",
                    "last_seen_at": "2025-10-06T03:53:13.847511Z",
                    "name": "coder-provisioner-5df77d4756-wlhld",
                    "version": "v2.25.2+f51e22d",
                    "api_version": "1.8",
                    "provisioners": [
                        "terraform"
                    ],
                    "tags": {
                        "az": "us-east-99",
                        "owner": "",
                        "scope": "organization"
                    },
                    "key_name": null,
                    "status": null,
                    "current_job": null,
                    "previous_job": null
                },
                "warnings": []
            },
            {
                "provisioner_daemon": {
                    "id": "c67aed57-fd2e-4cdf-96c8-d356e7b9edfc",
                    "organization_id": "2047ef46-1d75-4daa-ab0e-e764b3a80f09",
                    "key_id": "351547c7-eeb9-4b6a-a4a4-e2ae735184ec",
                    "created_at": "2025-09-18T23:42:21.757121Z",
                    "last_seen_at": "2025-10-06T03:53:13.853489Z",
                    "name": "coder-provisioner-test-org-d885d4c7-2p9q5",
                    "version": "v2.25.2+f51e22d",
                    "api_version": "1.8",
                    "provisioners": [
                        "terraform"
                    ],
                    "tags": {
                        "owner": "",
                        "scope": "organization"
                    },
                    "key_name": null,
                    "status": null,
                    "current_job": null,
                    "previous_job": null
                },
                "warnings": []
            }
        ]
    },
    "coder_version": "v2.25.3+f3db876"
}
