{
    "aggregated_from": "2025-10-06T03:38:01.359935133Z",
    "collected_at": "2025-10-06T03:53:01.362467Z",
    "next_update_at": "2025-10-06T03:53:31.362468Z",
    "workspaces": {
        "pending": 0,
        "building": 0,
        "running": 0,
        "failed": 0,
        "stopped": 0,
        "connection_latency_ms": {
            "P50": -1,
            "P95": -1
        },
        "rx_bytes": 0,
        "tx_bytes": 0
    },
    "session_count": {
        "vscode": 0,
        "ssh": 0,
        "jetbrains": 0,
        "reconnecting_pty": 0
    }
}
