{
    "derp_map": {
        "Regions": {
            "1000": {
                "EmbeddedRelay": false,
                "RegionID": 1000,
                "RegionCode": "coder_stun_1000",
                "RegionName": "Coder STUN 1000",
                "Nodes": [
                    {
                        "Name": "1000stun0",
                        "RegionID": 1000,
                        "HostName": "stun.l.google.com",
                        "STUNPort": 19302,
                        "STUNOnly": true
                    }
                ]
            },
            "1001": {
                "EmbeddedRelay": false,
                "RegionID": 1001,
                "RegionCode": "coder_stun_1001",
                "RegionName": "Coder STUN 1001",
                "Nodes": [
                    {
                        "Name": "1001stun0",
                        "RegionID": 1001,
                        "HostName": "stun1.l.google.com",
                        "STUNPort": 19302,
                        "STUNOnly": true
                    }
                ]
            },
            "1002": {
                "EmbeddedRelay": false,
                "RegionID": 1002,
                "RegionCode": "coder_stun_1002",
                "RegionName": "Coder STUN 1002",
                "Nodes": [
                    {
                        "Name": "1002stun0",
                        "RegionID": 1002,
                        "HostName": "stun2.l.google.com",
                        "STUNPort": 19302,
                        "STUNOnly": true
                    }
                ]
            },
            "1003": {
                "EmbeddedRelay": false,
                "RegionID": 1003,
                "RegionCode": "coder_stun_1003",
                "RegionName": "Coder STUN 1003",
                "Nodes": [
                    {
                        "Name": "1003stun0",
                        "RegionID": 1003,
                        "HostName": "stun3.l.google.com",
                        "STUNPort": 19302,
                        "STUNOnly": true
                    }
                ]
            },
            "1004": {
                "EmbeddedRelay": false,
                "RegionID": 1004,
                "RegionCode": "coder_stun_1004",
                "RegionName": "Coder STUN 1004",
                "Nodes": [
                    {
                        "Name": "1004stun0",
                        "RegionID": 1004,
                        "HostName": "stun4.l.google.com",
                        "STUNPort": 19302,
                        "STUNOnly": true
                    }
                ]
            },
            "999": {
                "EmbeddedRelay": true,
                "RegionID": 999,
                "RegionCode": "coder",
                "RegionName": "Coder Embedded Relay",
                "Nodes": [
                    {
                        "Name": "999b",
                        "RegionID": 999,
                        "HostName": "coder.mcrn.cc",
                        "STUNPort": -1,
                        "DERPPort": 443
                    }
                ]
            }
        }
    },
    "derp_force_websockets": false,
    "disable_direct_connections": false,
    "hostname_suffix": "coder"
}
