{
    "severity": "ok",
    "warnings": [],
    "dismissed": false,
    "healthy": true,
    "regions": {
        "1000": {
            "healthy": true,
            "severity": "ok",
            "warnings": [],
            "region": {
                "EmbeddedRelay": false,
                "RegionID": 1000,
                "RegionCode": "coder_stun_1000",
                "RegionName": "Coder STUN 1000",
                "Nodes": [
                    {
                        "Name": "1000stun0",
                        "RegionID": 1000,
                        "HostName": "stun.l.google.com",
                        "STUNPort": 19302,
                        "STUNOnly": true
                    }
                ]
            },
            "node_reports": [
                {
                    "healthy": true,
                    "severity": "ok",
                    "warnings": [],
                    "node": {
                        "Name": "1000stun0",
                        "RegionID": 1000,
                        "HostName": "stun.l.google.com",
                        "STUNPort": 19302,
                        "STUNOnly": true
                    },
                    "node_info": {
                        "TokenBucketBytesPerSecond": 0,
                        "TokenBucketBytesBurst": 0
                    },
                    "can_exchange_messages": false,
                    "round_trip_ping": "",
                    "round_trip_ping_ms": 0,
                    "uses_websocket": false,
                    "client_logs": [],
                    "client_errs": [],
                    "stun": {
                        "Enabled": true,
                        "CanSTUN": true,
                        "Error": null
                    }
                }
            ]
        },
        "1001": {
            "healthy": true,
            "severity": "ok",
            "warnings": [],
            "region": {
                "EmbeddedRelay": false,
                "RegionID": 1001,
                "RegionCode": "coder_stun_1001",
                "RegionName": "Coder STUN 1001",
                "Nodes": [
                    {
                        "Name": "1001stun0",
                        "RegionID": 1001,
                        "HostName": "stun1.l.google.com",
                        "STUNPort": 19302,
                        "STUNOnly": true
                    }
                ]
            },
            "node_reports": [
                {
                    "healthy": true,
                    "severity": "ok",
                    "warnings": [],
                    "node": {
                        "Name": "1001stun0",
                        "RegionID": 1001,
                        "HostName": "stun1.l.google.com",
                        "STUNPort": 19302,
                        "STUNOnly": true
                    },
                    "node_info": {
                        "TokenBucketBytesPerSecond": 0,
                        "TokenBucketBytesBurst": 0
                    },
                    "can_exchange_messages": false,
                    "round_trip_ping": "",
                    "round_trip_ping_ms": 0,
                    "uses_websocket": false,
                    "client_logs": [],
                    "client_errs": [],
                    "stun": {
                        "Enabled": true,
                        "CanSTUN": true,
                        "Error": null
                    }
                }
            ]
        },
        "1002": {
            "healthy": true,
            "severity": "ok",
            "warnings": [],
            "region": {
                "EmbeddedRelay": false,
                "RegionID": 1002,
                "RegionCode": "coder_stun_1002",
                "RegionName": "Coder STUN 1002",
                "Nodes": [
                    {
                        "Name": "1002stun0",
                        "RegionID": 1002,
                        "HostName": "stun2.l.google.com",
                        "STUNPort": 19302,
                        "STUNOnly": true
                    }
                ]
            },
            "node_reports": [
                {
                    "healthy": true,
                    "severity": "ok",
                    "warnings": [],
                    "node": {
                        "Name": "1002stun0",
                        "RegionID": 1002,
                        "HostName": "stun2.l.google.com",
                        "STUNPort": 19302,
                        "STUNOnly": true
                    },
                    "node_info": {
                        "TokenBucketBytesPerSecond": 0,
                        "TokenBucketBytesBurst": 0
                    },
                    "can_exchange_messages": false,
                    "round_trip_ping": "",
                    "round_trip_ping_ms": 0,
                    "uses_websocket": false,
                    "client_logs": [],
                    "client_errs": [],
                    "stun": {
                        "Enabled": true,
                        "CanSTUN": true,
                        "Error": null
                    }
                }
            ]
        },
        "1003": {
            "healthy": true,
            "severity": "ok",
            "warnings": [],
            "region": {
                "EmbeddedRelay": false,
                "RegionID": 1003,
                "RegionCode": "coder_stun_1003",
                "RegionName": "Coder STUN 1003",
                "Nodes": [
                    {
                        "Name": "1003stun0",
                        "RegionID": 1003,
                        "HostName": "stun3.l.google.com",
                        "STUNPort": 19302,
                        "STUNOnly": true
                    }
                ]
            },
            "node_reports": [
                {
                    "healthy": true,
                    "severity": "ok",
                    "warnings": [],
                    "node": {
                        "Name": "1003stun0",
                        "RegionID": 1003,
                        "HostName": "stun3.l.google.com",
                        "STUNPort": 19302,
                        "STUNOnly": true
                    },
                    "node_info": {
                        "TokenBucketBytesPerSecond": 0,
                        "TokenBucketBytesBurst": 0
                    },
                    "can_exchange_messages": false,
                    "round_trip_ping": "",
                    "round_trip_ping_ms": 0,
                    "uses_websocket": false,
                    "client_logs": [],
                    "client_errs": [],
                    "stun": {
                        "Enabled": true,
                        "CanSTUN": true,
                        "Error": null
                    }
                }
            ]
        },
        "1004": {
            "healthy": true,
            "severity": "ok",
            "warnings": [],
            "region": {
                "EmbeddedRelay": false,
                "RegionID": 1004,
                "RegionCode": "coder_stun_1004",
                "RegionName": "Coder STUN 1004",
                "Nodes": [
                    {
                        "Name": "1004stun0",
                        "RegionID": 1004,
                        "HostName": "stun4.l.google.com",
                        "STUNPort": 19302,
                        "STUNOnly": true
                    }
                ]
            },
            "node_reports": [
                {
                    "healthy": true,
                    "severity": "ok",
                    "warnings": [],
                    "node": {
                        "Name": "1004stun0",
                        "RegionID": 1004,
                        "HostName": "stun4.l.google.com",
                        "STUNPort": 19302,
                        "STUNOnly": true
                    },
                    "node_info": {
                        "TokenBucketBytesPerSecond": 0,
                        "TokenBucketBytesBurst": 0
                    },
                    "can_exchange_messages": false,
                    "round_trip_ping": "",
                    "round_trip_ping_ms": 0,
                    "uses_websocket": false,
                    "client_logs": [],
                    "client_errs": [],
                    "stun": {
                        "Enabled": true,
                        "CanSTUN": true,
                        "Error": null
                    }
                }
            ]
        },
        "999": {
            "healthy": true,
            "severity": "ok",
            "warnings": [],
            "region": {
                "EmbeddedRelay": true,
                "RegionID": 999,
                "RegionCode": "coder",
                "RegionName": "Coder Embedded Relay",
                "Nodes": [
                    {
                        "Name": "999b",
                        "RegionID": 999,
                        "HostName": "coder.mcrn.cc",
                        "STUNPort": -1,
                        "DERPPort": 443
                    }
                ]
            },
            "node_reports": [
                {
                    "healthy": true,
                    "severity": "ok",
                    "warnings": [],
                    "node": {
                        "Name": "999b",
                        "RegionID": 999,
                        "HostName": "coder.mcrn.cc",
                        "STUNPort": -1,
                        "DERPPort": 443
                    },
                    "node_info": {
                        "TokenBucketBytesPerSecond": 0,
                        "TokenBucketBytesBurst": 0
                    },
                    "can_exchange_messages": true,
                    "round_trip_ping": "462.839µs",
                    "round_trip_ping_ms": 0,
                    "uses_websocket": false,
                    "client_logs": [
                        [
                            "derphttp.Client.Connect: connecting to https://coder.mcrn.cc/derp",
                            "derphttp.Client.Connect: TLS version 0x304",
                            "derpclient: got cert coder.mcrn.cc",
                            "derpclient: got cert R12",
                            "derphttp.Client.Connect: not using fast start",
                            "derphttp.Client.Connect: DERP server returned status 101"
                        ],
                        [
                            "derphttp.Client.Connect: connecting to https://coder.mcrn.cc/derp",
                            "derphttp.Client.Connect: TLS version 0x304",
                            "derpclient: got cert coder.mcrn.cc",
                            "derpclient: got cert R12",
                            "derphttp.Client.Connect: not using fast start",
                            "derphttp.Client.Connect: DERP server returned status 101"
                        ]
                    ],
                    "client_errs": [
                        [],
                        []
                    ],
                    "stun": {
                        "Enabled": false,
                        "CanSTUN": false,
                        "Error": null
                    }
                }
            ]
        }
    },
    "netcheck": {
        "UDP": true,
        "IPv6": false,
        "IPv4": true,
        "IPv6CanSend": false,
        "IPv4CanSend": true,
        "OSHasIPv6": true,
        "ICMPv4": false,
        "MappingVariesByDestIP": false,
        "HairPinning": null,
        "UPnP": false,
        "PMP": false,
        "PCP": false,
        "PreferredDERP": 999,
        "RegionLatency": {
            "999": 813485
        },
        "RegionV4Latency": {
            "999": 813485
        },
        "RegionV6Latency": {},
        "GlobalV4": "27.32.138.255:17423",
        "GlobalV6": "",
        "CaptivePortal": null
    },
    "netcheck_logs": [
        "netcheck: netcheck.runProbe: got STUN response for 1001stun0 from 27.32.138.255:17423 (6109fcb959bc8995898b519c) in 20.365111ms",
        "netcheck: netcheck.runProbe: got STUN response for 1001stun0 from 27.32.138.255:17423 (e57d952da4558e2184d47a3c) in 26.070941ms",
        "netcheck: netcheck.runProbe: got STUN response for 1001stun0 from 27.32.138.255:17423 (ccb00224e10a7b24caa1c6b0) in 26.181372ms",
        "netcheck: netcheck.runProbe: got STUN response for 1002stun0 from 27.32.138.255:17423 (99c34cf012a33b336673e299) in 25.829537ms",
        "netcheck: netcheck.runProbe: got STUN response for 1002stun0 from 27.32.138.255:17423 (510b588a72a9b53c5795b538) in 25.88644ms",
        "netcheck: netcheck.runProbe: got STUN response for 1002stun0 from 27.32.138.255:17423 (efeef0be1d0f06241a9da563) in 25.871347ms",
        "netcheck: netcheck.runProbe: got STUN response for 1003stun0 from 27.32.138.255:17423 (99ac33f44f05b8238ddea9ca) in 25.215425ms",
        "netcheck: netcheck.runProbe: got STUN response for 1003stun0 from 27.32.138.255:17423 (020ae26db03a23a123ba1092) in 25.187279ms",
        "netcheck: netcheck.runProbe: got STUN response for 1003stun0 from 27.32.138.255:17423 (4d8e46ca5394ba1c97aa607a) in 25.183144ms",
        "netcheck: netcheck.runProbe: got STUN response for 1004stun0 from 27.32.138.255:17423 (488fe4ce3b481ccf31f18523) in 24.626138ms",
        "netcheck: netcheck.runProbe: got STUN response for 1004stun0 from 27.32.138.255:17423 (302ea4f0ee9409e20a26ec08) in 24.66878ms",
        "netcheck: netcheck.runProbe: got STUN response for 1000stun0 from 27.32.138.255:17423 (1f37d7299ac2656135163223) in 24.255433ms",
        "netcheck: netcheck.runProbe: got STUN response for 1004stun0 from 27.32.138.255:17423 (b484e7761ee6040db3b70a4f) in 24.624168ms",
        "netcheck: netcheck.runProbe: got STUN response for 1000stun0 from 27.32.138.255:17423 (c93d27bcd4be3e3a8dfbdfc1) in 24.246571ms",
        "netcheck: netcheck.runProbe: got STUN response for 1000stun0 from 27.32.138.255:17423 (4aca3fd2c5be7e0c4178bdf0) in 24.257192ms",
        "netcheck: [v1] measuring ICMP latency of coder (999): no address for node 999b",
        "netcheck: [v1] report: udp=true v6=false v6os=true mapvarydest=false hair= portmap= v4a=27.32.138.255:17423 derp=999 derpdist=999v4:1ms"
    ]
}
